Pair,SL %,TP %,Initial Balance,Final Balance,Net Profit,ROI %,Max Drawdown %,Profit Factor,Total PnL %,Win Rate %,Trades,PF Score,PnL Score,Win Score,Trade Score,Overall Score
ETHUSDT,2.5,5.0,10000.0,15221.72,5221.72,52.22,-18.49,1.29,47.5,41.25,80.0,87.16216216216216,96.93877551020408,100.0,62.5,90.19649751792609
BNBUSDT,1.0,5.0,10000.0,15753.34,5753.34,57.53,-10.73,1.48,49.0,24.3,107.0,100.0,100.0,58.909090909090914,83.59375,90.14119318181818
SOLUSDT,2.0,4.0,10000.0,13145.39,3145.39,31.45,-19.83,1.19,32.0,38.18,110.0,80.4054054054054,65.3061224489796,92.55757575757576,85.9375,78.85926404837119
XRPUSDT,1.5,5.0,10000.0,11700.35,1700.35,17.0,-32.12,1.13,20.0,25.93,108.0,76.35135135135135,40.816326530612244,62.86060606060606,84.375,63.795059711845425
BTCUSDT,1.0,2.0,10000.0,9972.38,-27.62,-0.28,-15.41,1.0,1.0,33.59,128.0,67.56756756756756,2.0408163265306123,81.43030303030304,100.0,53.92533253104682
