Pair,SL %,TP %,Initial Balance,Final Balance,Net Profit,ROI %,Profit Factor,Total PnL %,Win Rate %,Trades,PF Score,PnL Score,Win Score,Trade Score,Overall Score
BNBUSDT,1.0,5.0,10000.0,16070.3,6070.3,60.7,1.37,52.0,22.6,146.0,100.0,100.0,64.14987226795346,71.56862745098039,89.98683719868873
SOLUSDT,2.0,4.0,10000.0,11372.07,1372.07,13.72,1.05,20.0,35.23,176.0,76.64233576642336,38.46153846153847,100.0,86.27450980392157,70.82284682542304
ETHUSDT,1.0,5.0,10000.0,12463.33,2463.33,24.63,1.15,27.0,19.13,183.0,83.94160583941604,51.92307692307693,54.30031223389157,89.70588235294117,68.98421609476192
XRPUSDT,1.0,4.0,10000.0,11816.7,1816.7,18.17,1.1,21.0,22.06,204.0,80.2919708029197,40.38461538461539,62.617087709338634,100.0,66.75559047842023
BTCUSDT,1.0,2.0,10000.0,10135.52,135.52,1.36,1.01,3.0,33.94,165.0,73.72262773722628,5.769230769230769,96.3383479988646,80.88235294117648,58.57572521955032
