Pair,SL %,TP %,Initial Balance,Final Balance,Net Profit,ROI %,Max Drawdown %,Profit Factor,Total PnL %,Win Rate %,Trades,PF Score,PnL Score,Win Score,Trade Score,Overall Score
BNBUSDT,1.0,5.0,10000.0,16538.02,6538.02,65.38,-13.38,1.4,55.0,22.82,149.0,100.0,100.0,66.86199824201582,81.4207650273224,91.5144761511354
ETHUSDT,1.0,5.0,10000.0,12463.33,2463.33,24.63,-31.37,1.14,27.0,19.13,183.0,81.42857142857143,49.09090909090909,56.05039554644008,100.0,68.50878040798932
XRPUSDT,1.5,4.0,10000.0,11316.38,1316.38,13.16,-32.13,1.07,17.0,29.33,150.0,76.42857142857143,30.909090909090907,85.93612657486082,81.9672131147541,65.22810247060342
SOLUSDT,2.0,5.0,10000.0,10845.22,845.22,8.45,-37.93,1.04,15.0,30.15,136.0,74.28571428571429,27.27272727272727,88.33870495165542,74.31693989071039,62.995538875506014
BTCUSDT,1.0,2.0,10000.0,10234.84,234.84,2.35,-14.07,1.02,4.0,34.13,167.0,72.85714285714286,7.2727272727272725,100.0,91.2568306010929,60.450358384784614
